INSERT INTO books (isbn, title, author) VALUES ('9780141187761', '1984', 'George Orwell');
INSERT INTO books (isbn, title, author) VALUES ('9780099549482', 'To Kill A Mockingbird', 'Harper Lee');
INSERT INTO books (isbn, title, author) VALUES ('9780571191475', 'Lord of the Flies', 'William Golding');
INSERT INTO books (isbn, title, author) VALUES ('9780241950432', 'The Catcher in the Rye', 'JD Salinger');
INSERT INTO books (isbn, title, author) VALUES ('9780099800200', 'Slaughterhouse 5', 'Kurt Vonnegut');
INSERT INTO books (isbn, title, author) VALUES ('1234569877895', 'Furies Of Calderon', 'Jim Butcher');
INSERT INTO books (isbn, title, author) VALUES ('1246798315952', 'Neverwhere', 'Neil Gaiman');
INSERT INTO books (isbn, title, author) VALUES ('1246798658495', 'Magician', 'Raymond E Feist');
INSERT INTO books (isbn, title, author) VALUES ('1364579535153', 'Nation', 'Terry Prachett');
INSERT INTO books (isbn, title, author) VALUES ('1956898798898', 'The Colour Of Magic', 'Terry Prachett');
INSERT INTO books (isbn, title, author) VALUES ('4569871234578', 'A Darkness At Sethanon', 'Raymond E Feist');
INSERT INTO books (isbn, title, author) VALUES ('4657981233258', 'Anansi Boys', 'Neil Gaiman');
INSERT INTO books (isbn, title, author) VALUES ('4679851826534', 'Snuff', 'Terry Prachett');
INSERT INTO books (isbn, title, author) VALUES ('9784561234568', 'Silverthorn', 'Raymond E Feist');
INSERT INTO books (isbn, title, author) VALUES ('9874561235982', 'American Gods', 'Neil Gaiman');
INSERT INTO people (firstname, lastname, email, password) VALUES ('Peter', 'Burton', 'p.burton@mycit.ie', 'password');
INSERT INTO people (firstname, lastname, email, password) VALUES ('John', 'Doe', 'j.doe@nowhere.com', 'password');
INSERT INTO people (firstname, lastname, email, password) VALUES ('Amy', 'Burton', 'amy@email.ie', 'password');
INSERT INTO people (firstname, lastname, email, password) VALUES ('Jack', 'Sparrow', 'captainsparrow@blackpearl.com', 'password');
INSERT INTO people (firstname, lastname, email, password) VALUES ('Captain', 'Ahab', 'ahab@mobydick.com', 'password');
INSERT INTO ratings (isbn, email, rating) VALUES ('1234569877895', 'p.burton@mycit.ie', 5);
INSERT INTO ratings (isbn, email, rating) VALUES ('1246798315952', 'p.burton@mycit.ie', 3);
INSERT INTO ratings (isbn, email, rating) VALUES ('1246798658495', 'p.burton@mycit.ie', 4);
INSERT INTO ratings (isbn, email, rating) VALUES ('1364579535153', 'p.burton@mycit.ie', 5);
INSERT INTO ratings (isbn, email, rating) VALUES ('1956898798898', 'p.burton@mycit.ie', 4);
INSERT INTO ratings (isbn, email, rating) VALUES ('4569871234578', 'p.burton@mycit.ie', 3);
INSERT INTO ratings (isbn, email, rating) VALUES ('4657981233258', 'p.burton@mycit.ie', 5);
INSERT INTO ratings (isbn, email, rating) VALUES ('4679851826534', 'p.burton@mycit.ie', 4);
INSERT INTO ratings (isbn, email, rating) VALUES ('9784561234568', 'p.burton@mycit.ie', 3);
INSERT INTO ratings (isbn, email, rating) VALUES ('9874561235982', 'p.burton@mycit.ie', 2);
